email,status
lsteadman0@java.com,false
chandley1@bluehost.com,true
apealing2@bluehost.com,true
dsayes3@fotki.com,false
dcastleton4@ask.com,true
flehrian5@hc360.com,true
bzanassi6@xrea.com,false
lrelfe7@webeden.co.uk,false
schaffer8@hc360.com,true
kdacosta9@auda.org.au,false
mwehnera@omniture.com,false
fmechellb@naver.com,false
chughc@hatena.ne.jp,false
lsuattd@oracle.com,true
fallstone@kickstarter.com,false
mmorrowf@github.com,true
gbransbyg@wikia.com,true
dbullonh@jalbum.net,true
ciannielloi@noaa.gov,true
nmesshamj@sourceforge.net,false
sfolkerk@umich.edu,true
hkornalikl@artisteer.com,false
tverdym@freewebs.com,false
csimoneln@vkontakte.ru,true
agraysmarko@odnoklassniki.ru,true
gcollinghamp@arizona.edu,false
bduroq@typepad.com,true
pvearnalsr@stumbleupon.com,true
briddlers@microsoft.com,false
nmcbaynet@epa.gov,true
ntorrejonu@alibaba.com,false
mglandonv@huffingtonpost.com,false
sturpinw@nih.gov,false
tgreenhowx@amazon.de,true
cberzinsy@slideshare.net,false
fcovellz@cnet.com,true
gcornewall10@buzzfeed.com,false
akobel11@fda.gov,false
dbevis12@ask.com,false
bmarusyak13@hugedomains.com,false
ablucher14@hao123.com,false
ccomolli15@scribd.com,false
lharsnep16@soup.io,false
etenant17@ehow.com,false
dpaniman18@usgs.gov,true
dsueter19@homestead.com,false
phuyton1a@spiegel.de,false
kkewish1b@theguardian.com,false
cdeely1c@cornell.edu,false
melleton1d@webs.com,false
lbeldan1e@bizjournals.com,false
ctigwell1f@google.ca,true
wweedon1g@cisco.com,false
hfurlonge1h@timesonline.co.uk,false
cfinn1i@pen.io,false
fkellington1j@yandex.ru,false
kfrancesconi1k@cargocollective.com,true
ydoog1l@prweb.com,false
ydestouche1m@yandex.ru,false
kgimbrett1n@clickbank.net,true
talgie1o@blinklist.com,false
kbeames1p@google.com.au,true
fmixworthy1q@reference.com,false
mfleisch1r@skype.com,false
dcarbery1s@discovery.com,false
jhofton1t@acquirethisname.com,false
kikins1u@ted.com,false
cdedden1v@nymag.com,true
mbleackley1w@dell.com,true
srewcassell1x@admin.ch,true
aizakof1y@illinois.edu,false
ldever1z@taobao.com,true
epickburn20@youtube.com,false
ihehl21@newsvine.com,true
ishillabear22@networksolutions.com,false
wlimon23@latimes.com,false
bcopin24@bing.com,false
hstennine25@hao123.com,false
ageraldez26@jigsy.com,true
ddiche27@twitpic.com,false
vriccard28@senate.gov,false
mmeryett29@earthlink.net,true
mfeathersby2a@hugedomains.com,false
rdyett2b@google.com.br,true
mdurrad2c@linkedin.com,true
geisig2d@epa.gov,true
vboanas2e@booking.com,false
aburress2f@eepurl.com,false
krevie2g@ifeng.com,false
oragborne2h@jiathis.com,true
nmcinility2i@huffingtonpost.com,true
fgiacobini2j@ox.ac.uk,true
dsanney2k@jigsy.com,true
cpettie2l@myspace.com,true
dtopp2m@wunderground.com,true
rmccaughen2n@cbc.ca,true
aboman2o@woothemes.com,true
aeble2p@slashdot.org,false
eizhakov2q@elpais.com,false
abristo2r@sohu.com,false
ssimeons2s@umn.edu,true
gbyneth2t@adobe.com,false
cberzon2u@yolasite.com,false
tcannavan2v@wikia.com,false
lziebart2w@tamu.edu,true
kprowse2x@uol.com.br,false
ppoulter2y@netlog.com,true
twatting2z@marriott.com,true
bprenty30@netscape.com,false
araubenheim31@istockphoto.com,true
lpostlethwaite32@shop-pro.jp,false
lscrymgeour33@vk.com,true
iscanlon34@whitehouse.gov,true
mfilipiak35@github.com,false
bmcvicker36@usgs.gov,false
achamberlen37@barnesandnoble.com,true
mtinghill38@sfgate.com,false
mmcpherson39@tripadvisor.com,false
rdomerc3a@pen.io,false
orobertacci3b@wikipedia.org,true
osearjeant3c@wunderground.com,false
oskokoe3d@bbb.org,false
bterese3e@dagondesign.com,true
ejedrysik3f@fotki.com,true
rstobbes3g@latimes.com,false
ogott3h@jiathis.com,false
gchurms3i@blogtalkradio.com,true
rliddyard3j@senate.gov,false
pbenadette3k@guardian.co.uk,true
mbracegirdle3l@github.com,true
jbotger3m@bigcartel.com,true
mattenborough3n@reddit.com,false
agennings3o@aol.com,true
chush3p@addthis.com,true
scorriea3q@rediff.com,true
cknowlson3r@mail.ru,true
gpohling3s@craigslist.org,false
sdielhenn3t@edublogs.org,true
ksommerlie3u@fotki.com,false
scarlos3v@sina.com.cn,true
nwallworth3w@vinaora.com,true
dbarham3x@springer.com,false
iewestace3y@whitehouse.gov,false
sshade3z@webmd.com,true
freid40@photobucket.com,false
rharrower41@webeden.co.uk,false
lmounsey42@ezinearticles.com,false
gcrilley43@google.com.br,true
cwelman44@arizona.edu,false
agossage45@unicef.org,true
nbarks46@statcounter.com,false
msagg47@forbes.com,false
sleason48@nifty.com,true
rgavrielly49@ow.ly,false
cbowle4a@jiathis.com,true
tapedaile4b@abc.net.au,true
gwatford4c@rediff.com,false
ephette4d@hubpages.com,true
sdebenedictis4e@mail.ru,false
mglasard4f@marriott.com,true
amarrable4g@marketwatch.com,false
rlaurentino4h@symantec.com,true
rcreavin4i@businessweek.com,true
ncrampin4j@buzzfeed.com,true
znaisbet4k@sourceforge.net,false
yfreezor4l@google.nl,true
bdevorill4m@cargocollective.com,false
ssheircliffe4n@cdbaby.com,true
ncruickshanks4o@w3.org,true
nbollini4p@webeden.co.uk,true
ncoupe4q@wired.com,false
kyesipov4r@bbc.co.uk,false
etiernan4s@hud.gov,false
vgibberd4t@biblegateway.com,true
amucklo4u@pcworld.com,true
hsidary4v@ebay.co.uk,false
mpendergrast4w@cdbaby.com,true
driccardo4x@123-reg.co.uk,false
freihm4y@webeden.co.uk,false
tflecknoe4z@slate.com,true
kjoncic50@typepad.com,false
rshapter51@seattletimes.com,true
fbourges52@cbc.ca,false
tsuscens53@typepad.com,false
tgauge54@mail.ru,true
aalvarado55@vinaora.com,true
rlennox56@spotify.com,true
lcastano57@vkontakte.ru,true
slabuschagne58@hhs.gov,false
lthorburn59@cdbaby.com,false
mkener5a@issuu.com,true
davison5b@4shared.com,false
cbiers5c@indiatimes.com,false
kbaglan5d@eventbrite.com,false
amatteucci5e@devhub.com,true
ggoodfellow5f@miibeian.gov.cn,false
jbendelow5g@imdb.com,true
rcardiff5h@deliciousdays.com,false
hbedle5i@wunderground.com,false
tbonnor5j@craigslist.org,true
ikermannes5k@sciencedaily.com,false
elorkings5l@ibm.com,false
fcarmichael5m@sciencedaily.com,true
qvanelli5n@unesco.org,true
sblasl5o@domainmarket.com,false
mriccelli5p@sciencedirect.com,false
khayler5q@dell.com,true
cmaberley5r@plala.or.jp,false
ichotty5s@moonfruit.com,true
asenten5t@oaic.gov.au,false
hfitkin5u@e-recht24.de,true
mjanca5v@google.ca,true
mbrydon5w@dedecms.com,false
carnoll5x@census.gov,true
smakey5y@tinypic.com,false
nvanschafflaer5z@privacy.gov.au,false
ibenson60@squarespace.com,true
bwestnedge61@squarespace.com,false
mhatfull62@who.int,false
psutliff63@w3.org,false
aedgson64@sitemeter.com,true
wbussen65@salon.com,true
akraut66@shutterfly.com,false
lsasser67@slashdot.org,true
laudsley68@wufoo.com,false
fmorford69@arstechnica.com,true
dpignon6a@phpbb.com,true
gcloutt6b@theguardian.com,true
esneesby6c@cbslocal.com,true
rsadd6d@noaa.gov,false
eletteresse6e@tripod.com,false
vdicty6f@blogger.com,false
rmaybey6g@howstuffworks.com,true
amacklam6h@sogou.com,false
llebosse6i@symantec.com,false
abassford6j@alexa.com,true
hstuddal6k@t-online.de,false
bginnally6l@gravatar.com,true
tstrettell6m@latimes.com,true
kmcgeown6n@latimes.com,true
jbard6o@thetimes.co.uk,true
pconkie6p@amazon.co.uk,false
gcrutchley6q@phpbb.com,true
mrosenbusch6r@amazon.com,true
sleitch6s@cnet.com,true
nmckinstry6t@alexa.com,false
gbostick6u@yale.edu,true
hcarme6v@devhub.com,true
aorniz6w@mtv.com,false
gfrancey6x@zimbio.com,true
gpardue6y@netvibes.com,true
edenning6z@simplemachines.org,false
helington70@mozilla.com,false
twiggett71@sogou.com,true
kveronique72@tumblr.com,true
bholdall73@netvibes.com,true
dcalendar74@soup.io,true
ctolerton75@hatena.ne.jp,false
cosmon76@sciencedaily.com,false
rpocknell77@comcast.net,false
vmorrowe78@who.int,true
ctomovic79@php.net,true
ioverington7a@histats.com,false
kwinterscale7b@cloudflare.com,true
pquinnette7c@amazon.de,false
efairholm7d@cornell.edu,true
vserjeant7e@apple.com,false
lcroasdale7f@cisco.com,false
knorthage7g@google.pl,false
salvares7h@networksolutions.com,true
mmacelroy7i@gizmodo.com,true
btinsley7j@posterous.com,true
tlazarus7k@craigslist.org,false
lbassingham7l@imageshack.us,true
cdougharty7m@paypal.com,false
alade7n@prnewswire.com,true
kkelson7o@msn.com,true
gtuck7p@jugem.jp,false
bgennerich7q@timesonline.co.uk,false
cdonaway7r@boston.com,false
fseamarke7s@mayoclinic.com,false
fmillson7t@salon.com,true
nvinick7u@phpbb.com,true
kbarrie7v@artisteer.com,true
pthonger7w@amazon.com,true
lpiatto7x@example.com,true
ljobes7y@intel.com,false
rbanasiak7z@oaic.gov.au,true
gisaksen80@delicious.com,false
dfryett81@multiply.com,false
gdencs82@rakuten.co.jp,false
mkeynd83@thetimes.co.uk,true
khawick84@moonfruit.com,true
jurlin85@wp.com,true
sweare86@epa.gov,false
dheppenspall87@cnet.com,false
kcapun88@icq.com,true
ehartfield89@webs.com,false
tpatemore8a@gizmodo.com,true
dollerhead8b@opera.com,true
ndoddridge8c@sitemeter.com,true
nsouthey8d@tmall.com,true
njandel8e@google.co.uk,true
tpickless8f@tuttocitta.it,false
ckenryd8g@wsj.com,false
amartellini8h@oaic.gov.au,false
mdesvignes8i@plala.or.jp,true
wmcgloin8j@kickstarter.com,true
odryburgh8k@infoseek.co.jp,true
rhawsby8l@naver.com,false
tgobel8m@howstuffworks.com,false
hchrystie8n@moonfruit.com,false
cpindar8o@ucla.edu,false
rrouby8p@google.com.au,false
bcreed8q@dailymail.co.uk,true
eninotti8r@symantec.com,true
fgerrie8s@uol.com.br,true
bcheshire8t@skype.com,true
nmacvain8u@npr.org,false
wpichmann8v@shop-pro.jp,false
nlarcher8w@chron.com,true
mlyburn8x@1und1.de,false
mwrightem8y@narod.ru,false
echatenier8z@paypal.com,true
ccuningham90@smh.com.au,false
wflattman91@cbsnews.com,false
lkirman92@buzzfeed.com,true
epauluzzi93@so-net.ne.jp,false
hheard94@usa.gov,true
lbudd95@istockphoto.com,true
lslides96@google.nl,true
lkimmons97@independent.co.uk,true
csalvin98@imdb.com,true
fgrzeskowski99@addtoany.com,true
bmcdowell9a@microsoft.com,true
vsavoury9b@nih.gov,true
hrichardsson9c@wikia.com,true
gsibbald9d@bigcartel.com,false
emanna9e@sitemeter.com,true
churley9f@mtv.com,true
sdemiranda9g@yelp.com,true
lcawood9h@printfriendly.com,false
lhowick9i@vistaprint.com,true
bblundan9j@ca.gov,false
jcurm9k@pbs.org,true
bjimes9l@canalblog.com,false
tfryett9m@cloudflare.com,false
sholdey9n@gnu.org,false
lhabbert9o@drupal.org,false
mhurrion9p@apple.com,true
jabbie9q@opera.com,false
zblackaller9r@google.it,false
gmowbury9s@usa.gov,false
xashborn9t@opensource.org,true
dsteptowe9u@w3.org,false
cduligal9v@indiatimes.com,true
dcohani9w@ask.com,false
ciacapucci9x@xing.com,true
tmilland9y@dion.ne.jp,false
noshaughnessy9z@istockphoto.com,true
vbrayshaya0@dmoz.org,false
emattusevicha1@yandex.ru,true
abortolonia2@amazon.com,false
rhaldenea3@indiegogo.com,true
cpomfreta4@issuu.com,true
wstollbergera5@geocities.com,false
cgillama6@technorati.com,false
jvandrilla7@icio.us,false
agiannia8@wired.com,false
ehutchina9@vkontakte.ru,false
mtownsonaa@shop-pro.jp,false
kjennionsab@php.net,true
dperdueac@canalblog.com,true
gritchmanad@google.cn,true
clegenae@europa.eu,false
dbairnsfatheraf@icq.com,true
dpauleag@zdnet.com,true
kkinnockah@samsung.com,true
nstefanovicai@delicious.com,false
bpettoaj@economist.com,true
kperrisak@walmart.com,false
eglenwrightal@twitter.com,true
bdeveroseam@nps.gov,true
eflewittan@opera.com,false
gmaccoughanao@bizjournals.com,false
tbaribalap@washingtonpost.com,false
npinkaq@cloudflare.com,false
abrychanar@npr.org,true
lcreanas@fc2.com,true
jporchat@weather.com,false
tkosiadaau@xing.com,false
bhutonav@twitter.com,true
hedmundsaw@google.fr,true
fbrastedax@mozilla.com,true
bgethingsay@cnn.com,false
bwoodyattaz@cbsnews.com,true
ndenneyb0@drupal.org,false
mfelixb1@twitter.com,false
cpollingtonb2@samsung.com,false
fclaisseb3@fema.gov,false
gjeenesb4@tinyurl.com,false
llisterb5@yahoo.co.jp,false
surlingb6@oaic.gov.au,true
kravelusb7@ehow.com,false
ahemphillb8@nytimes.com,false
svancasselb9@scientificamerican.com,false
ecastagneriba@amazon.de,true
sgarmstonbb@huffingtonpost.com,true
sverginebc@ifeng.com,false
nchafferbd@xrea.com,false
tburnsidesbe@w3.org,false
mcockcroftbf@360.cn,true
rtreleavenbg@yolasite.com,true
idelaceybh@dedecms.com,true
mhammandbi@storify.com,true
ssurgeybj@sitemeter.com,true
fkorpolakbk@loc.gov,false
lbutnerbl@chron.com,true
tpedwellbm@sohu.com,false
amacgillespiebn@nature.com,true
polennanebo@imgur.com,true
jsillebp@marketwatch.com,false
fkemingbq@patch.com,false
tatcherleybr@ox.ac.uk,true
tbabarbs@loc.gov,true
cverringbt@over-blog.com,false
tboanasbu@webnode.com,false
ibezantsbv@vistaprint.com,false
bjeffordbw@scribd.com,true
mwadebx@vk.com,true
kburnistonby@bloglines.com,false
jdellcasabz@yelp.com,false
msuddockc0@sitemeter.com,true
gmatisoffc1@house.gov,true
sblazhevichc2@cbc.ca,false
lambrogionic3@behance.net,false
wliepinsc4@hubpages.com,false
bpinorc5@google.co.uk,false
rashbridgec6@columbia.edu,false
jmaytec7@nifty.com,false
kbrameltc8@nbcnews.com,false
rbentamec9@fotki.com,true
nhailwoodca@tinypic.com,true
ldavidoucb@vistaprint.com,true
wgotchercc@mozilla.org,false
ahoughtcd@sitemeter.com,true
clinayce@blogger.com,false
kmcgeaghcf@xing.com,true
wsinottcg@hostgator.com,true
adionisich@npr.org,true
daucourteci@g.co,true
dwaldrencj@economist.com,true
kgreensiteck@rambler.ru,true
dmayhewcl@usgs.gov,true
tfonquerniecm@washingtonpost.com,false
dgavaghancn@sourceforge.net,false
emccoolco@sphinn.com,false
jfockecp@microsoft.com,true
evanninicq@woothemes.com,false
jthakecr@google.es,false
ldrinkwatercs@a8.net,true
bmartschkect@fema.gov,true
cmellandcu@java.com,true
dlongfootcv@cloudflare.com,false
hsprostoncw@bloglines.com,false
bbalsdoncx@dell.com,false
naloshikincy@skyrock.com,true
jcoslettcz@seattletimes.com,true
sgaultd0@godaddy.com,true
cpittd1@bluehost.com,false
adunsterd2@google.fr,false
gvazd3@cargocollective.com,false
cmilnerd4@photobucket.com,true
rjuppd5@unblog.fr,false
cstreatd6@imageshack.us,true
mtwamleyd7@google.ca,true
rbarberyd8@google.nl,true
fbennedsend9@google.de,true
hbrabbinsda@behance.net,false
cbrotherhooddb@google.fr,true
kashbrookdc@360.cn,true
scondydd@about.com,false
jshawde@blogtalkradio.com,true
ntinnerdf@nhs.uk,false
mrosencrantzdg@uiuc.edu,false
lmithamdh@hc360.com,true
ghoytedi@smh.com.au,false
avasyunkindj@mit.edu,true
creforddk@slashdot.org,false
aburrowsdl@miibeian.gov.cn,false
brylattdm@wunderground.com,false
bbruneaudn@bandcamp.com,false
kmagowando@columbia.edu,true
mfarrimonddp@usatoday.com,false
buttondq@diigo.com,false
sspringelldr@meetup.com,true
elawlands@cocolog-nifty.com,true
alimbdt@mapy.cz,true
rimlachdu@networkadvertising.org,false
rgadaultdv@icio.us,false
